[
    {
        "threadID": "25174107145536061",
        "shortcuts": [
            {
                "id": "qnw4m1CABD.mp4",
                "input": "vtuanhihi",
                "output": "Vtuandeptraiso1thegioi",
                "uri": "https://i.imgur.com/3sNKJRQ.mp4"
            },
            {
                "id": "uCy4tqr9wl.mp4",
                "input": "Kiendzailvl",
                "output": "Kiendzaivp",
                "uri": "https://i.imgur.com/UAYE0dM.mp4"
            }
        ]
    },
    {
        "threadID": "6777346119050053",
        "shortcuts": [
            {
                "id": "lwluyCoDtn.mp4",
                "input": "vtuan",
                "output": "Dep Trai So Mot The Gioi",
                "uri": "https://i.imgur.com/T2vDybz.mp4"
            },
            {
                "id": "4cCWzysxor.mp4",
                "input": "@Vũ Tấn Dũng",
                "output": "hii",
                "uri": "https://i.imgur.com/c5crsql.mp4"
            }
        ]
    },
    {
        "threadID": "7103229279741849",
        "shortcuts": [
            {
                "id": "pwCYuJqwYy.mp4",
                "input": "hmy",
                "output": "hmy luv ttien",
                "uri": "https://i.imgur.com/M1zyMY6.mp4"
            }
        ]
    },
    {
        "threadID": "24519921010939861",
        "shortcuts": [
            {
                "id": "cuCzytywsW",
                "input": "Set bd",
                "output": "Tvm set theo yêu cầu nha:\nBoxchat: Nameㅤᴰᴬᴿᴷ+năm sinh\nIG: Nameㅤᴰᴬᴿᴷ\nTvm set bd nha. Nếu có tìm tên hoặc bận gì đó có thể tag boss lên để Boss set bd cho nha. Cảm ơn TVM đã tuân thủ 0:)"
            }
        ]
    },
    {
        "threadID": "6776721709112710",
        "shortcuts": [
            {
                "id": "wnuuoClGkA",
                "input": "Set bd",
                "output": "Tvm set theo yêu cầu nha:\nBoxchat: Nameㅤᴰᴬᴿᴷ+năm sinh\nIG: Nameㅤᴰᴬᴿᴷ\nTvm set bd nha. Nếu có tìm tên hoặc bận gì đó có thể tag boss lên để Boss set bd cho nha. Cảm ơn TVM đã tuân thủ 0:)"
            }
        ]
    },
    {
        "threadID": "6907197375998441",
        "shortcuts": [
            {
                "id": "myBWkw1Mxv",
                "input": "Set bd",
                "output": "Tvm set theo yêu cầu nha:\nBoxchat: Nameㅤᴰᴬᴿᴷ+năm sinh\nIG: Nameㅤᴰᴬᴿᴷ\nTvm set bd nha. Nếu có tìm tên hoặc bận gì đó có thể tag boss lên để Boss set bd cho nha. Cảm ơn TVM đã tuân thủ 0:)"
            }
        ]
    },
    {
        "threadID": "3203490363106723",
        "shortcuts": [
            {
                "id": "rBKxof9ACf.mp4",
                "input": "Meooo",
                "output": "Ovaltine",
                "uri": "https://i.imgur.com/w1AfsAO.mp4"
            },
            {
                "id": "xGNxCzkztK.png",
                "input": "Duy Duy",
                "output": "Duy Duy đâyyyy",
                "uri": "https://i.imgur.com/cKOZ5ry.jpeg"
            },
            {
                "id": "kyfkK9oWrw.png",
                "input": "Deft",
                "output": "Deft đây ai gọi z",
                "uri": "https://i.imgur.com/Pshbj4P.jpeg"
            },
            {
                "id": "w4olD4DGCu.mp4",
                "input": "Hiếu",
                "output": "Ơi Zhiucute đâyyy",
                "uri": "https://i.imgur.com/EUEOWUW.mp4"
            },
            {
                "id": "McmCyrJrrm",
                "input": "2",
                "output": "XIN CHÀOK AE GÂU GÂU"
            },
            {
                "id": "8ksxsKBq1r",
                "input": "TVM",
                "output": "Set Biệt Danh VOLxTên ( Năm Sinh - Nơi Ở )"
            },
            {
                "id": "CCszAtuWur",
                "input": "ID QTV",
                "output": "1. LD6: 5435310202\n2. CLD6: 5792143043\n3. CLD6: 59503754987\n4. CLD6: 51262427378"
            },
            {
                "id": "JyJ9WrKfG4.png",
                "input": "Nas",
                "output": "Ơi bé bự Gnass đây",
                "uri": "https://i.imgur.com/SDUVyhl.jpeg"
            },
            {
                "id": "nvpDtonrwz.png",
                "input": "Quang Đô",
                "output": "Đây",
                "uri": "https://i.imgur.com/zpWzBU4.jpeg"
            },
            {
                "id": "CzzArzkMDw.png",
                "input": "Duy Thái",
                "output": "Ơi Duy Thái đâyyyyyy",
                "uri": "https://i.imgur.com/YFFMBGm.jpeg"
            },
            {
                "id": "trKAJNGAyr.png",
                "input": "5 ae siêu nhân ơi",
                "output": "5 ae siêu nhân suất chiêuuuu",
                "uri": "https://i.imgur.com/tw772fR.jpeg"
            },
            {
                "id": "w8KxCmrnYW.png",
                "input": "Vanh",
                "output": "Ơi bé vanh đây ra cho thơm cái nào",
                "uri": "https://i.imgur.com/4HZWMx0.jpeg"
            },
            {
                "id": "rrF94r8xfn",
                "input": "Đi chợ đê",
                "output": "Thay vì ở đây xàm lol\nMình xin cập nhật giá nông sản ở các chợ \n- Rau muống : 3 nghìn 1 mớ\n- Rau ngót : 4 nghìn 1 mớ\n- Bí xanh : 7 nghìn 1 cân\n- Su su : 6 nghìn 1 cân\n- Mướp : 4nghìn 1 quả\n- Cà chua : 2 nghìn rưỡi 1 quả\n- Hành : 5 trăm 2 cọng\n- Trứng : 3 nghìn 1 quả\n- Thịt lợn :220 nghìn 1kg\n- Mùng tơi: 5k 1 mớ.\n- Dứa (thơm): 10k 1 quả.\n- Tỏi: 5k/lạng.\n- Sả: 2k/4 củ.\n- Mận hà giang: 20k/lạng.\n- BCS: 30K/Hộp 3 cái.\n- mồng tơi : 10k/ 1 mớ\n- thìa là : 3k/1 mớ \n- cà pháo : 10k/2 lạng"
            }
        ]
    },
    {
        "threadID": "4992704017440789",
        "shortcuts": [
            {
                "id": "BpyncftuAq.png",
                "input": "Hi",
                "output": "Ít ọt ít ọt ít ọt",
                "uri": "https://i.imgur.com/svA148m.jpeg"
            },
            {
                "id": "zAAfCAmrBw.png",
                "input": "2",
                "output": "Ẳng ẳng ẳng",
                "uri": "https://i.imgur.com/WnayOaa.jpeg"
            },
            {
                "id": "DfypkYGlnu.png",
                "input": "Helo",
                "output": "Ặc ặc ặc ặc",
                "uri": "https://i.imgur.com/rd3NbaC.jpeg"
            },
            {
                "id": "myuCztDBky.png",
                "input": ".",
                "output": "Éc éc éc",
                "uri": "https://i.imgur.com/bcUK5dQ.jpeg"
            }
        ]
    },
    {
        "threadID": "6430662703613524",
        "shortcuts": [
            {
                "id": "9wskYrxBAk",
                "input": "Kí tự",
                "output": "♕ᴘᴛ‣"
            },
            {
                "id": "B49llFCJwt",
                "input": "Tvm",
                "output": "-Tvm giới thiệu tên + năm sinh và show acc 💕\n-Set biệt danh theo kí tự ♕ᴘᴛ‣ + tên + năm sinh. ( Có thể nhờ qtv set hộ nha ) 🧸"
            },
            {
                "id": "NBuokwNwyz",
                "input": "Box",
                "output": "Các bạn lưu ý box ᴘᴀɴᴛʜᴇʀs ᴛᴇᴀᴍ nghiêm cấm các điều sau:\n1. Ko tag all dưới mọi hình thức trừ qtv cần.\n2. Tôn trọng người lớn tuổi hơn mình, ko fake tuổi.\n3. Nói tục viết tắt giúp mình. \n4. Không spam trong box, không gửi các ảnh hoặc tin nhắn nhạy cảm.\nAi có ý kiến, thắc mắc, hoặc góp ý thì ib cho qtv để giải quyết 🧸\nChúc các bạn mau hoà nhập vào box và luôn giữ box là 1 box văn minh nha❤️"
            }
        ]
    }
]